symbol,entry_date,exit_date,entry,target,stop,exit,pnl_pct,days,result
CHOLAFIN,2023-04-03,2023-04-06,775.21,821.73,751.96,821.73,6.0,2,TARGET
TITAGARH,2023-04-03,2023-04-06,276.39,292.98,268.1,292.98,6.0,2,TARGET
IGL,2023-04-05,2023-04-10,209.22,221.77,202.94,221.77,6.0,2,TARGET
BAJAJ-AUTO,2023-04-03,2023-04-12,3748.94,3973.88,3636.48,3973.88,6.0,5,TARGET
CHOLAFIN,2023-04-06,2023-04-13,837.74,888.01,812.61,812.61,-3.0,4,STOP
GLENMARK,2023-04-03,2023-04-19,476.25,504.82,461.96,504.82,6.0,9,TARGET
CYIENT,2023-04-18,2023-04-19,1044.68,1107.36,1013.34,1013.34,-3.0,1,STOP
TITAGARH,2023-04-18,2023-04-20,294.65,312.33,285.81,312.33,6.0,2,TARGET
ABCAPITAL,2023-04-17,2023-04-21,164.65,174.53,159.71,159.71,-3.0,4,STOP
CYIENT,2023-04-21,2023-04-24,1092.73,1158.3,1059.95,1158.3,6.0,1,TARGET
TITAGARH,2023-04-20,2023-04-25,330.56,350.4,320.65,350.4,6.0,3,TARGET
KEI,2023-04-24,2023-04-26,1784.34,1891.4,1730.81,1891.4,6.0,2,TARGET
NHPC,2023-04-26,2023-04-27,41.21,43.68,39.97,43.68,6.0,1,TARGET
OFSS,2023-04-24,2023-05-02,2969.26,3147.42,2880.18,3147.42,6.0,5,TARGET
NCC,2023-04-25,2023-05-03,114.48,121.35,111.05,121.35,6.0,5,TARGET
IRFC,2023-05-03,2023-05-04,33.59,35.6,32.58,32.58,-3.0,1,STOP
HDFCBANK,2023-04-24,2023-05-05,812.28,861.02,787.91,787.91,-3.0,8,STOP
RECLTD,2023-05-02,2023-05-05,116.79,123.79,113.28,113.28,-3.0,3,STOP
ITC,2023-04-21,2023-05-08,352.06,373.19,341.5,373.19,6.0,10,TARGET
CHOLAFIN,2023-05-04,2023-05-09,946.07,1002.83,917.69,1002.83,6.0,3,TARGET
HAVELLS,2023-05-05,2023-05-09,1262.4,1338.14,1224.53,1224.53,-3.0,2,STOP
KEI,2023-05-05,2023-05-09,1930.17,2045.98,1872.26,2045.98,6.0,2,TARGET
PAYTM,2023-05-08,2023-05-09,723.25,766.64,701.55,701.55,-3.0,1,STOP
NHPC,2023-04-27,2023-05-10,41.72,44.22,40.47,40.47,-3.0,8,STOP
KEI,2023-05-09,2023-05-10,2063.29,2187.08,2001.39,2001.39,-3.0,1,STOP
ALKEM,2023-05-09,2023-05-11,3520.25,3731.46,3414.64,3414.64,-3.0,2,STOP
CYIENT,2023-05-10,2023-05-12,1184.8,1255.88,1149.25,1149.25,-3.0,2,STOP
VBL,2023-05-10,2023-05-12,319.36,338.52,309.77,309.77,-3.0,2,STOP
MGL,2023-05-09,2023-05-15,1004.37,1064.63,974.24,974.24,-3.0,4,STOP
HAVELLS,2023-05-12,2023-05-17,1282.18,1359.11,1243.72,1243.72,-3.0,3,STOP
DLF,2023-05-15,2023-05-19,458.49,486.0,444.74,444.74,-3.0,4,STOP
GLENMARK,2023-05-12,2023-05-22,608.79,645.32,590.53,590.53,-3.0,6,STOP
SBICARD,2023-05-11,2023-05-30,856.95,908.37,831.25,908.37,6.0,13,TARGET
RAMCOCEM,2023-05-19,2023-05-30,837.9,888.17,812.76,888.17,6.0,7,TARGET
OFSS,2023-05-11,2023-06-13,3283.66,3480.68,3185.15,3480.68,6.0,23,TARGET
EXIDEIND,2023-05-17,2023-06-19,201.99,214.11,195.93,214.11,6.0,23,TARGET
MUTHOOTFIN,2023-05-22,2023-06-20,1094.69,1160.37,1061.84,1160.37,6.0,21,TARGET
INDIGO,2023-05-30,2023-06-27,2367.4,2509.44,2296.38,2509.44,6.0,20,TARGET
RECLTD,2023-06-20,2023-06-30,136.77,144.98,132.67,144.98,6.0,7,TARGET
TITAN,2023-06-19,2023-07-07,2940.51,3116.94,2852.3,3116.94,6.0,13,TARGET
ABCAPITAL,2023-06-27,2023-07-10,192.3,203.84,186.53,186.53,-3.0,8,STOP
HDFCAMC,2023-06-30,2023-07-10,1107.03,1173.46,1073.82,1073.82,-3.0,6,STOP
TITAN,2023-07-07,2023-07-10,3114.25,3301.11,3020.83,3020.83,-3.0,1,STOP
INOXWIND,2023-07-10,2023-07-11,49.28,52.23,47.8,47.8,-3.0,1,STOP
OFSS,2023-06-13,2023-07-14,3512.74,3723.5,3407.36,3723.5,6.0,22,TARGET
KALYANKJIL,2023-07-11,2023-07-17,172.79,183.16,167.61,183.16,6.0,4,TARGET
PFC,2023-07-11,2023-07-18,163.06,172.84,158.17,158.17,-3.0,5,STOP
POLYCAB,2023-07-11,2023-07-18,3736.59,3960.79,3624.49,3960.79,6.0,5,TARGET
RBLBANK,2023-07-17,2023-07-18,222.82,236.19,216.14,216.14,-3.0,1,STOP
COFORGE,2023-07-14,2023-07-20,954.05,1011.3,925.43,925.43,-3.0,4,STOP
POLYCAB,2023-07-18,2023-07-20,4086.37,4331.55,3963.77,4331.55,6.0,2,TARGET
RAMCOCEM,2023-05-30,2023-07-21,912.76,967.53,885.38,885.38,-3.0,37,STOP
CGPOWER,2023-07-18,2023-07-21,419.71,444.89,407.12,407.12,-3.0,3,STOP
POLYCAB,2023-07-20,2023-07-21,4669.6,4949.78,4529.51,4529.51,-3.0,1,STOP
SUPREMEIND,2023-07-18,2023-07-24,3425.14,3630.65,3322.38,3630.65,6.0,4,TARGET
HDFCAMC,2023-07-20,2023-07-27,1215.3,1288.21,1178.84,1178.84,-3.0,5,STOP
AUROPHARMA,2023-07-21,2023-07-27,773.21,819.6,750.01,819.6,6.0,4,TARGET
RECLTD,2023-07-24,2023-07-27,152.03,161.15,147.47,161.15,6.0,3,TARGET
RECLTD,2023-07-27,2023-07-31,165.43,175.36,160.47,175.36,6.0,2,TARGET
GODREJPROP,2023-07-27,2023-08-02,1707.05,1809.47,1655.84,1655.84,-3.0,4,STOP
CIPLA,2023-07-27,2023-08-08,1149.32,1218.28,1114.84,1218.28,6.0,8,TARGET
CIPLA,2023-08-08,2023-08-16,1242.53,1317.08,1205.25,1205.25,-3.0,5,STOP
OFSS,2023-08-16,2023-08-18,3791.68,4019.18,3677.93,3677.93,-3.0,2,STOP
IDFCFIRSTB,2023-07-31,2023-08-22,86.92,92.13,84.31,92.13,6.0,15,TARGET
ADANIPORTS,2023-08-18,2023-08-25,828.3,878.0,803.45,803.45,-3.0,5,STOP
IDEA,2023-08-25,2023-08-28,8.7,9.22,8.44,9.22,6.0,1,TARGET
IDFCFIRSTB,2023-08-22,2023-09-01,91.65,97.15,88.9,88.9,-3.0,8,STOP
SJVN,2023-08-28,2023-09-01,57.66,61.12,55.93,61.12,6.0,4,TARGET
NHPC,2023-07-24,2023-09-05,46.42,49.2,45.02,49.2,6.0,30,TARGET
PHOENIXLTD,2023-09-01,2023-09-06,919.49,974.66,891.9,891.9,-3.0,3,STOP
BHEL,2023-09-01,2023-09-08,135.75,143.9,131.68,143.9,6.0,5,TARGET
CDSL,2023-09-05,2023-09-11,602.21,638.35,584.15,638.35,6.0,4,TARGET
RECLTD,2023-09-08,2023-09-12,240.69,255.13,233.47,233.47,-3.0,2,STOP
HDFCAMC,2023-09-11,2023-09-13,1284.62,1361.69,1246.08,1246.08,-3.0,2,STOP
NHPC,2023-09-14,2023-09-15,52.47,55.62,50.89,50.89,-3.0,1,STOP
SYNGENE,2023-09-06,2023-09-18,836.01,886.17,810.93,810.93,-3.0,8,STOP
IDEA,2023-09-15,2023-09-18,11.7,12.4,11.35,11.35,-3.0,1,STOP
GLENMARK,2023-09-13,2023-09-20,856.06,907.42,830.37,830.37,-3.0,4,STOP
PNB,2023-09-18,2023-09-21,73.86,78.29,71.65,71.65,-3.0,2,STOP
HUDCO,2023-09-22,2023-09-25,80.69,85.53,78.27,78.27,-3.0,1,STOP
TITAN,2023-09-18,2023-09-27,3318.62,3517.74,3219.06,3219.06,-3.0,6,STOP
TECHM,2023-09-22,2023-09-27,1221.31,1294.59,1184.67,1184.67,-3.0,3,STOP
ASHOKLEY,2023-07-21,2023-09-28,85.47,90.6,82.91,82.91,-3.0,47,STOP
MCX,2023-09-25,2023-09-28,378.51,401.22,367.16,401.22,6.0,3,TARGET
MCX,2023-09-28,2023-09-29,417.17,442.2,404.65,404.65,-3.0,1,STOP
PFC,2023-09-27,2023-10-04,224.06,237.51,217.34,217.34,-3.0,4,STOP
GLENMARK,2023-09-29,2023-10-04,852.19,903.32,826.62,826.62,-3.0,2,STOP
PRESTIGE,2023-10-05,2023-10-10,669.89,710.08,649.79,710.08,6.0,3,TARGET
NMDC,2023-10-10,2023-10-12,44.89,47.58,43.54,47.58,6.0,2,TARGET
MRF,2023-08-03,2023-10-17,106644.84,113043.53,103445.49,113043.53,6.0,50,TARGET
TCS,2023-10-05,2023-10-19,3334.22,3534.27,3234.19,3234.19,-3.0,10,STOP
GAIL,2023-10-12,2023-10-20,116.54,123.53,113.04,113.04,-3.0,6,STOP
POWERGRID,2023-10-17,2023-10-20,187.04,198.26,181.43,181.43,-3.0,3,STOP
RECLTD,2023-09-27,2023-10-23,253.34,268.54,245.74,245.74,-3.0,17,STOP
CHOLAFIN,2023-09-28,2023-10-23,1215.24,1288.15,1178.78,1178.78,-3.0,16,STOP
HEROMOTOCO,2023-10-19,2023-10-23,2990.49,3169.91,2900.77,2900.77,-3.0,2,STOP
AMBER,2023-10-20,2023-10-23,3036.6,3218.8,2945.5,2945.5,-3.0,1,STOP
MCX,2023-10-20,2023-10-23,461.63,489.32,447.78,447.78,-3.0,1,STOP
BSE,2023-10-23,2023-10-25,564.15,598.0,547.23,598.0,6.0,1,TARGET
PRESTIGE,2023-10-25,2023-10-26,756.25,801.63,733.57,733.57,-3.0,1,STOP
CANBK,2023-10-27,2023-11-13,71.58,75.88,69.44,75.88,6.0,11,TARGET
COALINDIA,2023-10-27,2023-11-13,260.92,276.57,253.09,276.57,6.0,11,TARGET
NMDC,2023-11-13,2023-11-15,52.36,55.5,50.79,50.79,-3.0,1,STOP
PERSISTENT,2023-10-27,2023-11-17,2995.16,3174.87,2905.31,3174.87,6.0,14,TARGET
BALKRISIND,2023-10-25,2023-11-20,2553.83,2707.06,2477.21,2477.21,-3.0,17,STOP
PHOENIXLTD,2023-11-15,2023-11-24,1110.65,1177.29,1077.33,1177.29,6.0,7,TARGET
HCLTECH,2023-10-27,2023-11-30,1171.48,1241.77,1136.33,1241.77,6.0,22,TARGET
OBEROIRLTY,2023-11-20,2023-11-30,1333.14,1413.13,1293.15,1413.13,6.0,7,TARGET
PHOENIXLTD,2023-11-24,2023-11-30,1178.29,1248.99,1142.94,1142.94,-3.0,3,STOP
RECLTD,2023-11-13,2023-12-01,300.36,318.38,291.35,318.38,6.0,12,TARGET
PRESTIGE,2023-11-30,2023-12-04,1000.79,1060.83,970.76,1060.83,6.0,2,TARGET
MUTHOOTFIN,2023-11-30,2023-12-05,1442.99,1529.57,1399.7,1399.7,-3.0,3,STOP
LUPIN,2023-11-30,2023-12-06,1267.43,1343.47,1229.4,1229.4,-3.0,4,STOP
RECLTD,2023-12-01,2023-12-06,336.83,357.04,326.73,357.04,6.0,3,TARGET
ATGL,2023-12-06,2023-12-07,1052.63,1115.79,1021.05,1115.79,6.0,1,TARGET
ADANIGREEN,2023-12-06,2023-12-07,1563.45,1657.26,1516.55,1657.26,6.0,1,TARGET
NHPC,2023-12-07,2023-12-08,60.31,63.92,58.5,58.5,-3.0,1,STOP
HINDCOPPER,2023-12-08,2023-12-11,184.42,195.48,178.88,178.88,-3.0,1,STOP
INOXWIND,2023-12-11,2023-12-12,98.5,104.41,95.55,95.55,-3.0,1,STOP
CESC,2023-12-05,2023-12-13,106.71,113.11,103.51,113.11,6.0,6,TARGET
RECLTD,2023-12-13,2023-12-15,400.59,424.63,388.58,388.58,-3.0,2,STOP
LT,2023-12-04,2023-12-19,3257.33,3452.77,3159.61,3452.77,6.0,11,TARGET
UNIONBANK,2023-12-12,2023-12-20,115.53,122.46,112.06,112.06,-3.0,6,STOP
HINDCOPPER,2023-12-19,2023-12-20,205.76,218.11,199.59,199.59,-3.0,1,STOP
ICICIGI,2023-11-17,2023-12-21,1426.77,1512.38,1383.97,1383.97,-3.0,23,STOP
CONCOR,2023-12-07,2023-12-21,814.65,863.53,790.21,790.21,-3.0,10,STOP
OIL,2023-12-20,2023-12-21,224.18,237.63,217.45,237.63,6.0,1,TARGET
VBL,2023-12-20,2023-12-21,499.09,529.04,484.12,484.12,-3.0,1,STOP
MANAPPURAM,2023-12-22,2023-12-26,170.62,180.86,165.5,165.5,-3.0,1,STOP
HINDCOPPER,2023-12-22,2023-12-28,224.43,237.9,217.7,237.9,6.0,3,TARGET
GAIL,2023-12-22,2023-12-29,136.49,144.68,132.4,144.68,6.0,4,TARGET
NMDC,2023-12-26,2024-01-01,60.31,63.92,58.5,63.92,6.0,4,TARGET
IEX,2023-12-29,2024-01-02,160.64,170.28,155.82,155.82,-3.0,2,STOP
LTIM,2023-12-15,2024-01-04,5977.01,6335.63,5797.7,5797.7,-3.0,13,STOP
DLF,2023-12-22,2024-01-04,706.71,749.12,685.51,749.12,6.0,8,TARGET
HINDCOPPER,2023-12-28,2024-01-05,267.66,283.72,259.63,283.72,6.0,6,TARGET
GODREJCP,2024-01-04,2024-01-08,1159.52,1229.09,1124.74,1124.74,-3.0,2,STOP
NHPC,2024-01-05,2024-01-10,67.53,71.59,65.51,65.51,-3.0,3,STOP
HDFCAMC,2024-01-04,2024-01-11,1604.07,1700.32,1555.95,1700.32,6.0,5,TARGET
NCC,2024-01-10,2024-01-16,190.02,201.43,184.32,201.43,6.0,4,TARGET
HDFCAMC,2024-01-11,2024-01-17,1688.63,1789.95,1637.97,1637.97,-3.0,4,STOP
JSL,2024-01-02,2024-01-18,591.48,626.97,573.74,573.74,-3.0,12,STOP
BHEL,2024-01-17,2024-01-18,206.49,218.88,200.3,200.3,-3.0,1,STOP
OFSS,2024-01-18,2024-01-19,6054.67,6417.95,5873.03,6417.95,6.0,1,TARGET
APOLLOTYRE,2024-01-18,2024-01-23,485.76,514.9,471.18,514.9,6.0,2,TARGET
BHEL,2024-01-19,2024-01-23,221.6,234.89,214.95,214.95,-3.0,1,STOP
NHPC,2024-01-23,2024-01-24,71.29,75.57,69.15,75.57,6.0,1,TARGET
MRF,2024-01-23,2024-01-24,140568.08,149002.16,136351.04,136351.04,-3.0,1,STOP
BAJAJ-AUTO,2024-01-09,2024-01-25,6862.78,7274.55,6656.9,7274.55,6.0,11,TARGET
INDUSTOWER,2024-01-24,2024-01-25,229.95,243.75,223.05,223.05,-3.0,1,STOP
LICHSGFIN,2024-01-01,2024-01-29,546.01,578.77,529.63,578.77,6.0,18,TARGET
TITAN,2024-01-16,2024-01-31,3796.42,4024.2,3682.52,3682.52,-3.0,9,STOP
LT,2024-01-29,2024-01-31,3645.08,3863.79,3535.73,3535.73,-3.0,2,STOP
VOLTAS,2024-01-31,2024-02-01,1082.73,1147.7,1050.25,1050.25,-3.0,1,STOP
HINDCOPPER,2024-01-25,2024-02-02,279.25,296.0,270.87,296.0,6.0,5,TARGET
GODREJCP,2024-02-01,2024-02-05,1210.21,1282.83,1173.91,1173.91,-3.0,2,STOP
HINDCOPPER,2024-02-02,2024-02-05,298.22,316.11,289.27,289.27,-3.0,1,STOP
ZYDUSLIFE,2024-01-24,2024-02-06,742.03,786.55,719.77,786.55,6.0,8,TARGET
INDIGO,2024-02-05,2024-02-06,3165.8,3355.75,3070.83,3070.83,-3.0,1,STOP
MOTHERSON,2024-01-25,2024-02-07,75.89,80.44,73.61,80.44,6.0,8,TARGET
PETRONET,2024-02-06,2024-02-07,272.22,288.55,264.05,264.05,-3.0,1,STOP
OIL,2024-02-06,2024-02-08,299.03,316.97,290.06,316.97,6.0,2,TARGET
INOXWIND,2024-02-08,2024-02-09,138.07,146.36,133.93,133.93,-3.0,1,STOP
DLF,2024-02-07,2024-02-13,816.77,865.78,792.27,792.27,-3.0,4,STOP
CANBK,2024-02-07,2024-02-13,103.79,110.02,100.68,100.68,-3.0,4,STOP
HDFCAMC,2024-01-31,2024-02-14,1727.11,1830.74,1675.3,1830.74,6.0,10,TARGET
BOSCHLTD,2024-02-13,2024-02-15,25636.95,27175.17,24867.84,27175.17,6.0,2,TARGET
HINDPETRO,2024-02-14,2024-02-15,339.44,359.8,329.25,359.8,6.0,1,TARGET
INOXWIND,2024-02-15,2024-02-19,143.59,152.2,139.28,152.2,6.0,2,TARGET
NMDC,2024-02-15,2024-02-20,73.78,78.21,71.57,71.57,-3.0,3,STOP
POWERGRID,2024-02-20,2024-02-21,269.43,285.59,261.34,261.34,-3.0,1,STOP
CUMMINSIND,2024-02-22,2024-02-26,2690.93,2852.38,2610.2,2610.2,-3.0,2,STOP
JSWENERGY,2024-02-26,2024-02-27,519.93,551.12,504.33,504.33,-3.0,1,STOP
HDFCAMC,2024-02-27,2024-02-29,1882.56,1995.51,1826.08,1826.08,-3.0,2,STOP
DLF,2024-02-21,2024-03-04,875.41,927.93,849.15,927.93,6.0,8,TARGET
BHEL,2024-03-04,2024-03-05,263.77,279.6,255.86,255.86,-3.0,1,STOP
SBIN,2024-02-14,2024-03-06,716.75,759.75,695.24,759.75,6.0,15,TARGET
ACC,2024-02-09,2024-03-13,2610.04,2766.64,2531.74,2531.74,-3.0,22,STOP
JINDALSTEL,2024-03-01,2024-03-13,819.51,868.68,794.92,794.92,-3.0,7,STOP
BOSCHLTD,2024-03-05,2024-03-13,29502.15,31272.28,28617.09,28617.09,-3.0,5,STOP
OFSS,2024-03-07,2024-03-13,7679.28,8140.03,7448.9,7448.9,-3.0,3,STOP
SOLARINDS,2024-03-15,2024-03-18,8843.65,9374.27,8578.34,8578.34,-3.0,1,STOP
TORNTPHARM,2024-02-05,2024-03-19,2573.48,2727.89,2496.28,2496.28,-3.0,30,STOP
CUMMINSIND,2024-03-20,2024-03-26,2723.04,2886.42,2641.35,2886.42,6.0,3,TARGET
SIEMENS,2024-03-21,2024-03-27,2890.97,3064.43,2804.25,3064.43,6.0,3,TARGET
INDUSTOWER,2024-03-22,2024-03-28,271.3,287.58,263.16,287.58,6.0,3,TARGET
DIXON,2024-03-27,2024-04-02,7418.25,7863.34,7195.7,7863.34,6.0,3,TARGET
VOLTAS,2024-04-02,2024-04-08,1179.49,1250.26,1144.1,1250.26,6.0,4,TARGET
OFSS,2024-03-26,2024-04-09,8107.09,8593.52,7863.88,7863.88,-3.0,9,STOP
GODREJPROP,2024-04-08,2024-04-09,2588.6,2743.92,2510.94,2743.92,6.0,1,TARGET
HINDZINC,2024-04-09,2024-04-12,369.96,392.16,358.86,392.16,6.0,2,TARGET
IRCTC,2024-04-12,2024-04-15,1028.97,1090.7,998.1,998.1,-3.0,1,STOP
PIDILITIND,2024-03-22,2024-04-16,1462.56,1550.31,1418.68,1418.68,-3.0,14,STOP
GRASIM,2024-03-28,2024-04-19,2270.29,2406.5,2202.18,2202.18,-3.0,13,STOP
HINDCOPPER,2024-04-09,2024-04-19,354.92,376.21,344.27,344.27,-3.0,6,STOP
INDUSTOWER,2024-04-18,2024-04-23,344.4,365.06,334.07,365.06,6.0,3,TARGET
BAJAJ-AUTO,2024-03-22,2024-04-25,8653.81,9173.04,8394.2,8394.2,-3.0,20,STOP
LODHA,2024-04-23,2024-04-25,1228.93,1302.67,1192.07,1192.07,-3.0,2,STOP
DMART,2024-04-19,2024-04-26,4696.0,4977.76,4555.12,4555.12,-3.0,5,STOP
INOXWIND,2024-04-25,2024-04-29,161.38,171.06,156.53,156.53,-3.0,2,STOP
CONCOR,2024-04-26,2024-04-30,1036.42,1098.61,1005.33,1005.33,-3.0,2,STOP
BHEL,2024-04-25,2024-05-02,270.8,287.05,262.68,287.05,6.0,4,TARGET
BHEL,2024-05-02,2024-05-03,291.84,309.35,283.09,309.35,6.0,1,TARGET
NMDC,2024-05-03,2024-05-06,82.37,87.31,79.9,79.9,-3.0,1,STOP
HINDCOPPER,2024-04-22,2024-05-07,375.42,397.95,364.16,364.16,-3.0,10,STOP
ICICIBANK,2024-04-29,2024-05-08,1141.44,1209.93,1107.2,1107.2,-3.0,6,STOP
POWERGRID,2024-04-30,2024-05-08,282.48,299.43,274.01,274.01,-3.0,5,STOP
GODREJPROP,2024-05-06,2024-05-08,2842.75,3013.32,2757.47,2757.47,-3.0,2,STOP
CROMPTON,2024-05-08,2024-05-10,334.64,354.71,324.6,324.6,-3.0,2,STOP
JINDALSTEL,2024-04-18,2024-05-14,902.17,956.3,875.1,956.3,6.0,17,TARGET
DMART,2024-05-08,2024-05-14,4806.75,5095.16,4662.55,4662.55,-3.0,4,STOP
POLYCAB,2024-05-10,2024-05-15,6093.34,6458.94,5910.54,6458.94,6.0,3,TARGET
BHARATFORG,2024-05-08,2024-05-16,1388.41,1471.72,1346.76,1471.72,6.0,6,TARGET
CGPOWER,2024-05-15,2024-05-16,638.82,677.15,619.65,619.65,-3.0,1,STOP
TITAGARH,2024-05-16,2024-05-17,1210.3,1282.92,1173.99,1282.92,6.0,1,TARGET
GODREJCP,2024-05-07,2024-05-21,1275.62,1352.15,1237.35,1237.35,-3.0,9,STOP
VEDL,2024-05-14,2024-05-21,367.31,389.35,356.29,389.35,6.0,4,TARGET
JINDALSTEL,2024-05-14,2024-05-21,974.47,1032.94,945.24,1032.94,6.0,4,TARGET
VEDL,2024-05-21,2024-05-22,417.54,442.59,405.01,405.01,-3.0,1,STOP
HINDCOPPER,2024-05-21,2024-05-22,395.33,419.05,383.47,383.47,-3.0,1,STOP
BHEL,2024-05-21,2024-05-22,318.26,337.36,308.72,308.72,-3.0,1,STOP
SOLARINDS,2024-05-22,2024-05-28,9932.59,10528.54,9634.61,9634.61,-3.0,4,STOP
CAMS,2024-05-22,2024-05-29,673.76,714.18,653.55,653.55,-3.0,5,STOP
TITAGARH,2024-05-29,2024-05-30,1396.88,1480.69,1354.97,1354.97,-3.0,1,STOP
CONCOR,2024-05-17,2024-05-31,1054.91,1118.2,1023.26,1023.26,-3.0,9,STOP
LODHA,2024-05-22,2024-05-31,1306.0,1384.35,1266.82,1384.35,6.0,7,TARGET
NHPC,2024-05-31,2024-06-03,102.21,108.34,99.15,108.34,6.0,1,TARGET
ADANIENT,2024-05-31,2024-06-03,3408.33,3612.83,3306.08,3612.83,6.0,1,TARGET
BHARTIARTL,2024-05-16,2024-06-04,1326.56,1406.15,1286.76,1286.76,-3.0,12,STOP
LODHA,2024-05-31,2024-06-04,1371.02,1453.28,1329.89,1329.89,-3.0,2,STOP
HAVELLS,2024-05-31,2024-06-04,1889.39,2002.76,1832.71,1832.71,-3.0,2,STOP
CONCOR,2024-06-03,2024-06-04,1139.53,1207.9,1105.35,1105.35,-3.0,1,STOP
POWERGRID,2024-06-03,2024-06-04,315.98,334.94,306.5,306.5,-3.0,1,STOP
GODREJCP,2024-06-05,2024-06-06,1386.74,1469.94,1345.14,1345.14,-3.0,1,STOP
HEROMOTOCO,2024-06-05,2024-06-06,5294.94,5612.64,5136.09,5136.09,-3.0,1,STOP
NCC,2024-06-06,2024-06-07,307.28,325.72,298.07,325.72,6.0,1,TARGET
IRB,2024-06-07,2024-06-10,38.04,40.32,36.9,36.9,-3.0,1,STOP
MARICO,2024-06-05,2024-06-12,635.75,673.9,616.68,616.68,-3.0,5,STOP
PIDILITIND,2024-06-05,2024-06-13,1564.39,1658.25,1517.46,1517.46,-3.0,6,STOP
MOTHERSON,2024-06-10,2024-06-14,108.23,114.72,104.98,114.72,6.0,4,TARGET
LICHSGFIN,2024-06-12,2024-06-18,693.75,735.37,672.93,735.37,6.0,3,TARGET
JSWENERGY,2024-06-18,2024-06-19,703.92,746.15,682.8,682.8,-3.0,1,STOP
CHAMBLFERT,2024-06-19,2024-06-20,450.79,477.84,437.27,477.84,6.0,1,TARGET
CHOLAFIN,2024-06-13,2024-06-24,1432.34,1518.28,1389.37,1389.37,-3.0,6,STOP
PRESTIGE,2024-06-20,2024-06-24,2009.56,2130.13,1949.27,1949.27,-3.0,2,STOP
BIOCON,2024-06-06,2024-06-26,331.85,351.76,321.89,351.76,6.0,13,TARGET
CGPOWER,2024-06-24,2024-06-27,698.81,740.74,677.85,677.85,-3.0,3,STOP
HDFCAMC,2024-06-25,2024-06-27,2018.91,2140.05,1958.34,1958.34,-3.0,2,STOP
CESC,2024-06-26,2024-06-28,157.78,167.24,153.04,153.04,-3.0,2,STOP
BHARATFORG,2024-06-14,2024-07-01,1696.84,1798.65,1645.94,1645.94,-3.0,10,STOP
BOSCHLTD,2024-06-27,2024-07-01,34118.51,36165.62,33094.95,33094.95,-3.0,2,STOP
OIL,2024-06-28,2024-07-02,456.49,483.88,442.79,483.88,6.0,2,TARGET
MGL,2024-07-01,2024-07-02,1673.57,1773.98,1623.36,1623.36,-3.0,1,STOP
OIL,2024-07-02,2024-07-08,459.63,487.2,445.84,487.2,6.0,4,TARGET
IRFC,2024-07-08,2024-07-09,195.16,206.87,189.3,189.3,-3.0,1,STOP
MOTHERSON,2024-07-02,2024-07-10,133.47,141.48,129.47,129.47,-3.0,6,STOP
PHOENIXLTD,2024-07-09,2024-07-10,2006.72,2127.12,1946.52,1946.52,-3.0,1,STOP
OFSS,2024-07-01,2024-07-15,9726.8,10310.41,9434.99,10310.41,6.0,10,TARGET
ULTRACEMCO,2024-06-27,2024-07-19,11574.26,12268.72,11227.03,11227.03,-3.0,15,STOP
BAJAJ-AUTO,2024-06-05,2024-07-23,9289.41,9846.77,9010.73,9010.73,-3.0,32,STOP
CAMS,2024-07-10,2024-07-23,791.92,839.43,768.16,768.16,-3.0,8,STOP
OFSS,2024-07-15,2024-07-23,10421.89,11047.21,10109.24,10109.24,-3.0,5,STOP
TORNTPHARM,2024-07-23,2024-07-24,3087.32,3272.56,2994.71,2994.71,-3.0,1,STOP
DABUR,2024-07-23,2024-07-24,639.13,677.47,619.95,619.95,-3.0,1,STOP
FEDERALBNK,2024-07-11,2024-07-25,190.37,201.79,184.66,201.79,6.0,9,TARGET
OFSS,2024-07-24,2024-07-25,10599.03,11234.97,10281.06,10281.06,-3.0,1,STOP
KALYANKJIL,2024-07-24,2024-07-25,584.23,619.28,566.7,566.7,-3.0,1,STOP
GRANULES,2024-07-24,2024-07-29,534.89,566.98,518.84,566.98,6.0,3,TARGET
ICICIPRULI,2024-07-24,2024-07-31,693.33,734.93,672.53,734.93,6.0,5,TARGET
TORNTPOWER,2024-07-31,2024-08-01,1820.66,1929.9,1766.04,1766.04,-3.0,1,STOP
PIIND,2024-07-29,2024-08-02,4361.65,4623.35,4230.8,4230.8,-3.0,4,STOP
ETERNAL,2024-08-01,2024-08-02,234.09,248.14,227.07,248.14,6.0,1,TARGET
MGL,2024-07-26,2024-08-05,1768.7,1874.83,1715.64,1715.64,-3.0,6,STOP
SBILIFE,2024-07-26,2024-08-05,1745.2,1849.91,1692.84,1692.84,-3.0,6,STOP
ETERNAL,2024-08-02,2024-08-05,262.34,278.08,254.47,254.47,-3.0,1,STOP
NAUKRI,2024-08-02,2024-08-05,1432.58,1518.53,1389.6,1389.6,-3.0,1,STOP
HFCL,2024-08-07,2024-08-09,137.53,145.78,133.41,133.41,-3.0,2,STOP
TRENT,2024-08-08,2024-08-09,5639.21,5977.57,5470.04,5977.57,6.0,1,TARGET
CDSL,2024-08-08,2024-08-12,1216.68,1289.68,1180.18,1289.68,6.0,2,TARGET
OIL,2024-08-09,2024-08-13,609.82,646.41,591.53,646.41,6.0,2,TARGET
INOXWIND,2024-08-13,2024-08-14,215.78,228.73,209.31,209.31,-3.0,1,STOP
GLENMARK,2024-08-12,2024-08-16,1496.68,1586.48,1451.78,1451.78,-3.0,3,STOP
POLICYBZR,2024-08-14,2024-08-16,1574.05,1668.49,1526.83,1668.49,6.0,1,TARGET
TRENT,2024-08-09,2024-08-19,6269.92,6646.11,6081.82,6646.11,6.0,5,TARGET
ICICIGI,2024-07-25,2024-08-20,1941.31,2057.79,1883.07,2057.79,6.0,17,TARGET
PIIND,2024-08-07,2024-08-20,4386.8,4650.01,4255.19,4255.19,-3.0,8,STOP
GLENMARK,2024-08-16,2024-08-21,1559.73,1653.32,1512.94,1653.32,6.0,3,TARGET
CDSL,2024-08-16,2024-08-22,1382.8,1465.77,1341.32,1465.77,6.0,4,TARGET
NYKAA,2024-08-21,2024-08-23,210.79,223.44,204.47,223.44,6.0,2,TARGET
CDSL,2024-08-23,2024-08-27,1555.81,1649.16,1509.14,1509.14,-3.0,2,STOP
VOLTAS,2024-08-20,2024-08-28,1649.94,1748.94,1600.44,1748.94,6.0,6,TARGET
KALYANKJIL,2024-08-22,2024-09-02,594.66,630.34,576.82,630.34,6.0,7,TARGET
HDFCAMC,2024-08-27,2024-09-03,2212.16,2344.89,2145.8,2145.8,-3.0,5,STOP
TRENT,2024-08-28,2024-09-03,7235.83,7669.98,7018.76,7018.76,-3.0,4,STOP
HINDPETRO,2024-09-04,2024-09-09,429.26,455.01,416.38,416.38,-3.0,3,STOP
KALYANKJIL,2024-09-02,2024-09-12,637.98,676.26,618.84,676.26,6.0,8,TARGET
PATANJALI,2024-08-21,2024-09-16,628.41,666.11,609.56,609.56,-3.0,18,STOP
HINDUNILVR,2024-09-09,2024-09-16,2835.84,3006.0,2750.77,2750.77,-3.0,5,STOP
MCX,2024-09-16,2024-09-18,1112.82,1179.59,1079.43,1179.59,6.0,2,TARGET
MPHASIS,2024-08-22,2024-09-19,3005.59,3185.93,2915.42,2915.42,-3.0,20,STOP
INDIGO,2024-09-12,2024-09-19,4986.22,5285.4,4836.64,4836.64,-3.0,5,STOP
DIXON,2024-09-16,2024-09-19,13979.08,14817.82,13559.71,13559.71,-3.0,3,STOP
MCX,2024-09-18,2024-09-19,1155.48,1224.81,1120.81,1120.81,-3.0,1,STOP
AUBANK,2024-09-19,2024-09-20,751.57,796.67,729.03,729.03,-3.0,1,STOP
MAXHEALTH,2024-09-20,2024-09-23,1066.72,1130.72,1034.72,1034.72,-3.0,1,STOP
SYNGENE,2024-09-05,2024-09-24,904.89,959.19,877.75,877.75,-3.0,13,STOP
ETERNAL,2024-09-20,2024-09-26,290.5,307.93,281.78,281.78,-3.0,4,STOP
KALYANKJIL,2024-09-23,2024-09-26,766.41,812.39,743.42,743.42,-3.0,3,STOP
PAYTM,2024-09-26,2024-09-27,705.15,747.46,684.0,684.0,-3.0,1,STOP
ICICIBANK,2024-09-20,2024-09-30,1328.2,1407.89,1288.36,1288.36,-3.0,6,STOP
TVSMOTOR,2024-09-27,2024-09-30,2927.29,3102.92,2839.47,2839.47,-3.0,1,STOP
JUBLFOOD,2024-09-19,2024-10-01,694.24,735.89,673.41,673.41,-3.0,8,STOP
PAYTM,2024-10-01,2024-10-03,731.35,775.23,709.41,709.41,-3.0,1,STOP
BSE,2024-10-03,2024-10-04,1313.72,1392.55,1274.31,1392.55,6.0,1,TARGET
SUNPHARMA,2024-09-27,2024-10-07,1918.21,2033.3,1860.66,1860.66,-3.0,5,STOP
JSWSTEEL,2024-10-03,2024-10-08,1036.31,1098.49,1005.22,1005.22,-3.0,3,STOP
PAYTM,2024-10-08,2024-10-09,750.6,795.64,728.08,728.08,-3.0,1,STOP
DIXON,2024-10-08,2024-10-15,14512.54,15383.29,14077.17,15383.29,6.0,5,TARGET
M&M,2024-10-08,2024-10-16,3140.62,3329.06,3046.4,3046.4,-3.0,6,STOP
TRENT,2024-10-08,2024-10-16,8034.99,8517.09,7793.94,7793.94,-3.0,6,STOP
PAGEIND,2024-10-09,2024-10-16,42917.8,45492.86,41630.26,45492.86,6.0,5,TARGET
HDFCAMC,2024-10-16,2024-10-18,2369.48,2511.65,2298.4,2298.4,-3.0,2,STOP
AMBER,2024-10-16,2024-10-21,5491.65,5821.15,5326.9,5821.15,6.0,3,TARGET
DIVISLAB,2024-10-09,2024-10-22,5962.6,6320.36,5783.72,5783.72,-3.0,9,STOP
AMBER,2024-10-21,2024-10-22,6344.45,6725.12,6154.12,6154.12,-3.0,1,STOP
TIINDIA,2024-10-23,2024-10-24,4625.54,4903.07,4486.77,4486.77,-3.0,1,STOP
NATIONALUM,2024-10-17,2024-10-25,208.58,221.1,202.33,202.33,-3.0,6,STOP
MCX,2024-10-29,2024-10-30,1359.76,1441.34,1318.96,1318.96,-3.0,1,STOP
TECHM,2024-10-21,2024-10-31,1638.64,1736.96,1589.48,1589.48,-3.0,8,STOP
WIPRO,2024-10-30,2024-11-04,264.93,280.83,256.98,256.98,-3.0,3,STOP
MFSL,2024-10-23,2024-11-05,1271.9,1348.21,1233.74,1233.74,-3.0,9,STOP
COFORGE,2024-10-23,2024-11-08,1494.25,1583.9,1449.42,1583.9,6.0,12,TARGET
ICICIBANK,2024-10-28,2024-11-08,1282.95,1359.93,1244.46,1244.46,-3.0,9,STOP
MAXHEALTH,2024-11-06,2024-11-11,1078.66,1143.37,1046.3,1046.3,-3.0,3,STOP
PAYTM,2024-11-08,2024-11-11,848.55,899.46,823.09,823.09,-3.0,1,STOP
NATIONALUM,2024-11-05,2024-11-12,217.72,230.78,211.19,211.19,-3.0,5,STOP
DIXON,2024-11-06,2024-11-12,15640.64,16579.08,15171.42,15171.42,-3.0,4,STOP
PAGEIND,2024-11-08,2024-11-13,46891.09,49704.55,45484.35,45484.35,-3.0,3,STOP
RAMCOCEM,2024-11-12,2024-11-13,908.43,962.94,881.18,881.18,-3.0,1,STOP
NATIONALUM,2024-11-18,2024-11-22,222.26,235.59,215.59,235.59,6.0,3,TARGET
RAMCOCEM,2024-11-19,2024-11-25,901.99,956.11,874.93,956.11,6.0,3,TARGET
HCLTECH,2024-11-22,2024-11-28,1815.7,1924.65,1761.23,1761.23,-3.0,4,STOP
HDFCBANK,2024-11-19,2024-12-04,859.51,911.08,833.72,911.08,6.0,10,TARGET
TECHM,2024-11-19,2024-12-12,1651.86,1750.97,1602.3,1750.97,6.0,16,TARGET
COFORGE,2024-11-25,2024-12-12,1702.6,1804.75,1651.52,1804.75,6.0,13,TARGET
CDSL,2024-12-05,2024-12-16,1840.94,1951.4,1785.71,1951.4,6.0,7,TARGET
FEDERALBNK,2024-11-19,2024-12-18,205.41,217.73,199.24,199.24,-3.0,20,STOP
RAMCOCEM,2024-11-29,2024-12-20,1013.05,1073.84,982.66,982.66,-3.0,15,STOP
COFORGE,2024-12-12,2024-12-20,1818.13,1927.21,1763.58,1927.21,6.0,6,TARGET
AMBER,2024-12-23,2024-12-24,6907.8,7322.27,6700.57,7322.27,6.0,1,TARGET
OFSS,2024-12-30,2024-12-31,12351.84,13092.96,11981.29,11981.29,-3.0,1,STOP
DRREDDY,2024-12-27,2025-01-03,1380.69,1463.53,1339.27,1339.27,-3.0,5,STOP
PERSISTENT,2024-12-12,2025-01-08,6374.58,6757.06,6183.35,6183.35,-3.0,18,STOP
EICHERMOT,2025-01-02,2025-01-08,5240.15,5554.56,5082.95,5082.95,-3.0,4,STOP
OBEROIRLTY,2024-12-16,2025-01-10,2239.98,2374.37,2172.78,2172.78,-3.0,18,STOP
SRF,2025-01-09,2025-01-10,2662.22,2821.95,2582.35,2582.35,-3.0,1,STOP
LAURUSLABS,2024-12-27,2025-01-13,585.42,620.54,567.85,567.85,-3.0,11,STOP
HCLTECH,2025-01-10,2025-01-14,1908.19,2022.68,1850.95,1850.95,-3.0,2,STOP
BSE,2025-01-15,2025-01-20,1922.6,2037.96,1864.92,2037.96,6.0,3,TARGET
WIPRO,2025-01-23,2025-01-27,297.81,315.68,288.88,288.88,-3.0,2,STOP
LAURUSLABS,2025-01-24,2025-01-27,601.33,637.41,583.29,583.29,-3.0,1,STOP
BAJFINANCE,2025-01-28,2025-01-30,756.0,801.35,733.32,801.35,6.0,2,TARGET
MARICO,2025-01-29,2025-02-01,661.7,701.41,641.85,701.41,6.0,3,TARGET
MUTHOOTFIN,2025-01-29,2025-02-03,2183.87,2314.91,2118.36,2118.36,-3.0,4,STOP
BAJFINANCE,2025-01-30,2025-02-03,785.32,832.44,761.76,832.44,6.0,3,TARGET
MARICO,2025-02-01,2025-02-03,683.72,724.74,663.21,663.21,-3.0,1,STOP
UPL,2025-01-31,2025-02-04,598.28,634.17,580.33,634.17,6.0,3,TARGET
EICHERMOT,2025-02-03,2025-02-07,5415.04,5739.94,5252.58,5252.58,-3.0,4,STOP
CHAMBLFERT,2025-02-07,2025-02-11,544.66,577.34,528.32,528.32,-3.0,2,STOP
SRF,2025-01-30,2025-02-14,2818.78,2987.91,2734.22,2734.22,-3.0,12,STOP
MUTHOOTFIN,2025-02-13,2025-02-14,2289.78,2427.16,2221.08,2221.08,-3.0,1,STOP
SBICARD,2025-02-13,2025-02-21,854.3,905.55,828.67,828.67,-3.0,6,STOP
KOTAKBANK,2025-02-13,2025-02-28,394.11,417.75,382.28,382.28,-3.0,10,STOP
SBICARD,2025-02-27,2025-02-28,853.76,904.98,828.15,828.15,-3.0,1,STOP
SRF,2025-02-27,2025-02-28,2845.01,3015.71,2759.66,2759.66,-3.0,1,STOP
BAJFINANCE,2025-02-27,2025-03-03,865.2,917.11,839.25,839.25,-3.0,2,STOP
BAJAJFINSV,2025-02-13,2025-03-04,1848.35,1959.25,1792.9,1792.9,-3.0,12,STOP
JSWSTEEL,2025-03-05,2025-03-24,1000.01,1060.01,970.01,1060.01,6.0,12,TARGET
KOTAKBANK,2025-03-12,2025-03-24,396.05,419.82,384.17,419.82,6.0,7,TARGET
SRF,2025-03-07,2025-03-26,2926.11,3101.67,2838.32,2838.32,-3.0,12,STOP
CHOLAFIN,2025-03-19,2025-04-01,1511.44,1602.13,1466.1,1466.1,-3.0,8,STOP
INDIGO,2025-03-19,2025-04-07,4972.15,5270.48,4822.98,4822.98,-3.0,12,STOP
CHAMBLFERT,2025-03-24,2025-04-07,607.13,643.56,588.92,588.92,-3.0,9,STOP
HDFCBANK,2025-04-04,2025-04-07,896.53,950.32,869.64,869.64,-3.0,1,STOP
PNBHOUSING,2025-04-08,2025-04-09,959.21,1016.76,930.44,930.44,-3.0,1,STOP
BHARTIARTL,2025-04-11,2025-04-17,1742.04,1846.56,1689.78,1846.56,6.0,3,TARGET
INDIGO,2025-04-08,2025-04-21,5148.35,5457.25,4993.9,5457.25,6.0,6,TARGET
CHOLAFIN,2025-04-15,2025-04-21,1558.43,1651.94,1511.68,1651.94,6.0,3,TARGET
BAJFINANCE,2025-04-08,2025-04-22,876.81,929.42,850.51,929.42,6.0,7,TARGET
LTF,2025-04-21,2025-04-24,168.56,178.67,163.5,178.67,6.0,3,TARGET
BAJAJFINSV,2025-04-21,2025-04-25,2102.48,2228.62,2039.4,2039.4,-3.0,4,STOP
SOLARINDS,2025-04-29,2025-05-02,13443.95,14250.59,13040.63,13040.63,-3.0,2,STOP
SBILIFE,2025-04-25,2025-05-06,1692.75,1794.31,1641.96,1794.31,6.0,6,TARGET
BEL,2025-04-29,2025-05-07,315.02,333.93,305.57,305.57,-3.0,5,STOP
CHAMBLFERT,2025-05-06,2025-05-07,712.15,754.87,690.78,690.78,-3.0,1,STOP
GRASIM,2025-04-15,2025-05-09,2708.75,2871.27,2627.48,2627.48,-3.0,16,STOP
BEL,2025-05-09,2025-05-13,313.78,332.61,304.37,332.61,6.0,2,TARGET
BSE,2025-05-12,2025-05-14,2311.21,2449.88,2241.87,2449.88,6.0,2,TARGET
BEL,2025-05-13,2025-05-16,333.55,353.57,323.55,353.57,6.0,3,TARGET
NBCC,2025-05-14,2025-05-16,106.06,112.42,102.88,112.42,6.0,2,TARGET
HAL,2025-05-16,2025-05-19,5068.38,5372.48,4916.33,4916.33,-3.0,1,STOP
MFSL,2025-05-14,2025-05-22,1338.2,1418.49,1298.05,1418.49,6.0,6,TARGET
BEL,2025-05-16,2025-05-22,361.52,383.21,350.67,383.21,6.0,4,TARGET
SOLARINDS,2025-05-22,2025-05-26,14999.02,15898.96,14549.05,15898.96,6.0,2,TARGET
MRF,2025-05-26,2025-05-28,146396.16,155179.93,142004.27,142004.27,-3.0,2,STOP
NBCC,2025-05-30,2025-06-13,122.56,129.92,118.89,118.89,-3.0,10,STOP
MFSL,2025-05-23,2025-06-16,1470.0,1558.2,1425.9,1558.2,6.0,16,TARGET
DALBHARAT,2025-05-14,2025-06-26,2047.22,2170.05,1985.8,2170.05,6.0,31,TARGET
BEL,2025-06-16,2025-07-01,401.21,425.28,389.17,425.28,6.0,11,TARGET
DIVISLAB,2025-05-19,2025-07-08,6550.17,6943.18,6353.67,6943.18,6.0,36,TARGET
IDFCFIRSTB,2025-07-01,2025-07-14,76.99,81.61,74.68,74.68,-3.0,9,STOP
DIVISLAB,2025-07-08,2025-07-14,6906.55,7320.94,6699.36,6699.36,-3.0,4,STOP
MFSL,2025-06-16,2025-07-17,1577.0,1671.62,1529.69,1529.69,-3.0,23,STOP
HDFCAMC,2025-07-15,2025-07-18,2641.75,2800.26,2562.5,2800.26,6.0,3,TARGET
RELIANCE,2025-06-26,2025-07-21,1489.35,1578.71,1444.67,1444.67,-3.0,17,STOP
PRESTIGE,2025-07-17,2025-07-24,1781.15,1888.02,1727.72,1727.72,-3.0,5,STOP
ICICIBANK,2025-04-17,2025-07-25,1395.93,1479.68,1354.05,1479.68,6.0,69,TARGET
INDIANB,2025-07-24,2025-07-25,652.15,691.28,632.59,632.59,-3.0,1,STOP
LAURUSLABS,2025-07-14,2025-07-28,823.17,872.56,798.48,872.56,6.0,10,TARGET
DELHIVERY,2025-07-18,2025-07-30,425.45,450.98,412.69,412.69,-3.0,8,STOP
AMBUJACEM,2025-07-21,2025-07-31,613.25,650.05,594.85,594.85,-3.0,8,STOP
LAURUSLABS,2025-07-28,2025-08-01,888.52,941.83,861.86,861.86,-3.0,4,STOP
TORNTPHARM,2025-07-29,2025-08-01,3742.44,3966.99,3630.17,3630.17,-3.0,3,STOP
INDIGO,2025-07-31,2025-08-05,5900.53,6254.56,5723.51,5723.51,-3.0,3,STOP
AMBER,2025-07-29,2025-08-06,7810.5,8279.13,7576.18,7576.18,-3.0,6,STOP
JIOFIN,2025-07-31,2025-08-07,328.74,348.46,318.88,318.88,-3.0,5,STOP
CUMMINSIND,2025-08-06,2025-08-08,3619.24,3836.4,3510.67,3836.4,6.0,2,TARGET
HEROMOTOCO,2025-08-04,2025-08-18,4449.18,4716.13,4315.7,4716.13,6.0,9,TARGET
PAYTM,2025-08-11,2025-08-19,1122.0,1189.32,1088.34,1189.32,6.0,5,TARGET
ETERNAL,2025-08-20,2025-08-25,326.55,346.14,316.75,316.75,-3.0,3,STOP
INDIGO,2025-08-06,2025-08-29,5883.56,6236.57,5707.05,5707.05,-3.0,15,STOP
JSL,2025-08-25,2025-08-29,795.47,843.19,771.6,771.6,-3.0,3,STOP
HEROMOTOCO,2025-08-18,2025-09-02,4888.71,5182.03,4742.05,5182.03,6.0,10,TARGET
MRF,2025-09-02,2025-09-04,153878.92,163111.66,149262.55,149262.55,-3.0,2,STOP
CUMMINSIND,2025-08-08,2025-09-10,3789.67,4017.05,3675.98,4017.05,6.0,21,TARGET
DMART,2025-09-04,2025-09-10,4829.3,5119.06,4684.42,4684.42,-3.0,4,STOP
DALBHARAT,2025-08-29,2025-09-24,2397.0,2540.82,2325.09,2325.09,-3.0,18,STOP
DELHIVERY,2025-08-04,2025-09-26,461.6,489.3,447.75,447.75,-3.0,37,STOP
BAJAJ-AUTO,2025-09-01,2025-09-26,8967.0,9505.02,8697.99,8697.99,-3.0,19,STOP
CGPOWER,2025-09-10,2025-09-26,767.26,813.29,744.24,744.24,-3.0,12,STOP
DIXON,2025-09-25,2025-09-26,18202.0,19294.12,17655.94,17655.94,-3.0,1,STOP
INDIANB,2025-09-10,2025-09-30,692.4,733.94,671.63,733.94,6.0,14,TARGET
LT,2025-09-26,2025-10-01,3729.5,3953.27,3617.61,3617.61,-3.0,3,STOP
JINDALSTEL,2025-09-30,2025-10-07,1063.75,1127.58,1031.84,1031.84,-3.0,4,STOP
NATIONALUM,2025-09-30,2025-10-09,208.08,220.56,201.84,220.56,6.0,6,TARGET
HINDCOPPER,2025-10-09,2025-10-10,363.57,385.38,352.66,352.66,-3.0,1,STOP
YESBANK,2025-10-10,2025-10-14,24.0,25.44,23.28,23.28,-3.0,2,STOP
RBLBANK,2025-10-08,2025-10-15,286.45,303.64,277.86,303.64,6.0,5,TARGET
MCX,2025-10-14,2025-10-20,1879.5,1992.27,1823.12,1823.12,-3.0,4,STOP
RBLBANK,2025-10-20,2025-10-23,326.65,346.25,316.85,316.85,-3.0,2,STOP
VEDL,2025-09-30,2025-10-24,458.15,485.64,444.4,485.64,6.0,16,TARGET
CANBK,2025-09-30,2025-10-28,123.71,131.13,120.0,131.13,6.0,18,TARGET
LTF,2025-10-01,2025-11-03,258.58,274.09,250.82,274.09,6.0,21,TARGET
HINDALCO,2025-10-24,2025-11-06,824.45,873.92,799.72,799.72,-3.0,8,STOP
TATASTEEL,2025-10-28,2025-11-07,181.81,192.72,176.36,176.36,-3.0,7,STOP
AUBANK,2025-10-20,2025-11-10,865.2,917.11,839.24,917.11,6.0,13,TARGET
ABCAPITAL,2025-11-07,2025-11-11,338.1,358.39,327.96,327.96,-3.0,2,STOP
LTF,2025-11-07,2025-11-11,303.6,321.82,294.49,294.49,-3.0,2,STOP
IDEA,2025-11-11,2025-11-14,10.24,10.85,9.93,10.85,6.0,3,TARGET
PHOENIXLTD,2025-11-03,2025-11-19,1746.5,1851.29,1694.11,1694.11,-3.0,11,STOP
BHEL,2025-11-11,2025-11-24,285.8,302.95,277.23,277.23,-3.0,9,STOP
MUTHOOTFIN,2025-11-14,2025-11-24,3725.6,3949.14,3613.83,3613.83,-3.0,6,STOP
MCX,2025-11-26,2025-11-28,2056.6,2180.0,1994.9,1994.9,-3.0,2,STOP
NATIONALUM,2025-11-10,2025-12-04,250.39,265.42,242.88,265.42,6.0,18,TARGET
LTIM,2025-11-19,2025-12-05,5972.0,6330.32,5792.84,6330.32,6.0,12,TARGET
LAURUSLABS,2025-11-28,2025-12-08,1031.35,1093.23,1000.41,1000.41,-3.0,6,STOP
ABCAPITAL,2025-11-25,2025-12-09,345.45,366.18,335.09,366.18,6.0,10,TARGET
PERSISTENT,2025-12-04,2025-12-09,6428.94,6814.67,6236.07,6236.07,-3.0,3,STOP
AUBANK,2025-12-10,2025-12-12,993.7,1053.32,963.89,963.89,-3.0,2,STOP
HINDCOPPER,2025-12-12,2025-12-16,381.69,404.59,370.24,370.24,-3.0,2,STOP
MOTHERSON,2025-12-11,2025-12-18,119.43,126.6,115.85,115.85,-3.0,5,STOP
MUTHOOTFIN,2025-12-12,2025-12-19,3837.6,4067.86,3722.47,3722.47,-3.0,5,STOP
NATIONALUM,2025-12-12,2025-12-24,274.71,291.19,266.47,291.19,6.0,8,TARGET
VEDL,2025-12-16,2025-12-26,560.15,593.75,543.34,593.75,6.0,7,TARGET
HINDCOPPER,2025-12-26,2025-12-29,474.84,503.33,460.59,503.33,6.0,1,TARGET
ASHOKLEY,2025-12-18,2026-01-01,171.57,181.86,166.42,181.86,6.0,9,TARGET
LT,2025-10-23,2026-01-02,3918.7,4153.82,3801.14,4153.82,6.0,49,TARGET
MANAPPURAM,2025-12-24,2026-01-05,314.02,332.86,304.6,304.6,-3.0,7,STOP
PHOENIXLTD,2025-12-19,2026-01-06,1831.3,1941.18,1776.36,1941.18,6.0,11,TARGET
FEDERALBNK,2025-12-30,2026-01-06,267.6,283.66,259.57,259.57,-3.0,5,STOP
MOTHERSON,2026-01-01,2026-01-07,122.14,129.47,118.48,118.48,-3.0,4,STOP
BHEL,2026-01-02,2026-01-08,299.5,317.47,290.51,290.51,-3.0,4,STOP
NATIONALUM,2026-01-06,2026-01-08,342.41,362.96,332.14,332.14,-3.0,2,STOP
TITAN,2026-01-07,2026-01-12,4273.2,4529.59,4145.0,4145.0,-3.0,3,STOP
UNIONBANK,2026-01-05,2026-01-14,162.36,172.1,157.49,172.1,6.0,7,TARGET
VEDL,2026-01-13,2026-01-14,626.73,664.34,607.93,664.34,6.0,1,TARGET
INDUSTOWER,2026-01-09,2026-01-20,433.4,459.4,420.4,420.4,-3.0,7,STOP
ASHOKLEY,2026-01-09,2026-01-20,187.76,199.03,182.13,182.13,-3.0,7,STOP
INDUSINDBK,2026-01-14,2026-01-20,944.5,1001.17,916.16,916.16,-3.0,4,STOP
VEDL,2026-01-14,2026-01-28,664.65,704.53,644.71,704.53,6.0,9,TARGET
APLAPOLLO,2026-01-22,2026-01-28,1976.0,2094.56,1916.72,2094.56,6.0,3,TARGET
HINDCOPPER,2026-01-28,2026-01-29,632.39,670.33,613.41,670.33,6.0,1,TARGET
VEDL,2026-01-28,2026-01-30,724.99,768.49,703.24,703.24,-3.0,2,STOP
HINDCOPPER,2026-01-29,2026-01-30,758.83,804.36,736.07,736.07,-3.0,1,STOP
LUPIN,2026-01-06,2026-02-02,2149.7,2278.68,2085.21,2085.21,-3.0,18,STOP
SAIL,2026-01-22,2026-02-02,151.65,160.75,147.1,147.1,-3.0,6,STOP
MOTHERSON,2026-02-09,2026-02-10,124.03,131.47,120.3,131.47,6.0,1,TARGET
APLAPOLLO,2026-02-03,2026-02-11,2137.5,2265.75,2073.38,2265.75,6.0,6,TARGET
ASHOKLEY,2026-02-03,2026-02-11,199.87,211.86,193.87,211.86,6.0,6,TARGET
BHARATFORG,2026-02-11,2026-02-12,1674.49,1774.95,1624.25,1624.25,-3.0,1,STOP
SBIN,2026-02-09,2026-02-17,1146.0,1214.76,1111.62,1214.76,6.0,6,TARGET
FEDERALBNK,2026-01-22,2026-02-24,282.2,299.13,273.73,299.13,6.0,22,TARGET
ASTRAL,2026-02-11,2026-02-26,1592.1,1687.63,1544.34,1687.63,6.0,11,TARGET
MOTHERSON,2026-02-10,2026-03-02,129.03,136.77,125.16,125.16,-3.0,14,STOP
BANKBARODA,2026-02-26,2026-03-02,324.45,343.92,314.72,314.72,-3.0,2,STOP
BANKINDIA,2026-02-17,2026-03-04,170.21,180.42,165.1,165.1,-3.0,10,STOP
BANDHANBNK,2026-02-24,2026-03-04,180.55,191.38,175.13,175.13,-3.0,5,STOP
ONGC,2026-03-02,2026-03-06,282.2,299.13,273.73,273.73,-3.0,3,STOP
SOLARINDS,2026-03-04,2026-03-06,14523.0,15394.38,14087.31,15394.38,6.0,2,TARGET
ASTRAL,2026-03-06,2026-03-09,1689.2,1790.55,1638.52,1638.52,-3.0,1,STOP
CUMMINSIND,2026-03-06,2026-03-09,4800.7,5088.74,4656.68,4656.68,-3.0,1,STOP
COALINDIA,2026-03-04,2026-03-12,435.15,461.26,422.1,461.26,6.0,6,TARGET
LUPIN,2026-03-05,2026-03-16,2332.9,2472.87,2262.91,2262.91,-3.0,7,STOP
GLENMARK,2026-03-10,2026-03-16,2225.8,2359.35,2159.03,2159.03,-3.0,4,STOP
COALINDIA,2026-03-12,2026-03-18,470.1,498.31,456.0,456.0,-3.0,4,STOP
MCX,2026-03-17,2026-03-18,2671.8,2832.11,2591.65,2591.65,-3.0,1,STOP
COALINDIA,2026-03-20,2026-03-23,468.15,496.24,454.11,454.11,-3.0,1,STOP
TATAPOWER,2026-03-20,2026-03-23,402.4,426.54,390.33,390.33,-3.0,1,STOP
TORNTPHARM,2026-02-16,2026-03-30,4232.48,4486.43,4105.5,4220.2,-0.29,28,open
LUPIN,2026-03-20,2026-03-30,2322.5,2461.85,2252.82,2313.9,-0.37,5,open
ONGC,2026-03-27,2026-03-30,281.95,298.87,273.49,284.65,0.96,1,open
